Story ID,User Story,Phase,Phase Name,Acceptance Criteria,Priority,Story Points,Status
US-001,"As a trader, I want to submit limit orders so that I can specify the price at which I want to buy or sell an asset",1,Core Engine,,,,
US-002,"As a trader, I want to submit market orders so that I can execute trades at the current market price",1,Core Engine,,,,
US-003,"As a trader, I want to receive order acknowledgments so that I can confirm that my order was received by the system",1;2,"Core Engine; Protocol Layer (delivery)",,,,
US-004,"As a trader, I want to receive execution reports so that I can track the status of my orders",1;2,"Core Engine; Protocol Layer (delivery)",,,,
US-005,"As a trader, I want to cancel orders so that I can manage my trading positions effectively",1,Core Engine,,,,
US-006,"As a trader, I want to modify orders so that I can adjust my trading strategy as needed",1,Core Engine,,,,
US-007,"As a trader, I want to have access to real-time market data so that I can make informed trading decisions",2;4,"Protocol Layer (streaming); Market Data (source)",,,,
US-008,"As an admin, I want to add and remove instruments via the Admin API so that I can manage the available trading options",3,Security & Governance,,,,
US-009,"As an admin, I want to configure system parameters so that I can customize the platform to meet specific requirements",3,Security & Governance,,,,
US-010,"As an admin, I want to have role-based access control so that I can control user permissions effectively",3,Security & Governance,,,,
US-011,"As a market operator, I want to control the market state (Open/Halted/Closed) so that I can manage trading sessions",3,Security & Governance,,,,
US-012,"As a market operator, I want to have emergency halt capability so that I can respond to critical situations quickly",3,Security & Governance,,,,
US-013,"As a developer, I want to implement protocol adapters for FIX, REST, WebSocket, and gRPC so that the system can communicate with external platforms",2,Protocol Layer,,,,
US-014,"As a user, I want to have a clear onboarding process with certification workflows so that I can easily start using the platform",5,User Onboarding & Documentation,,,,
